{"0": [[0.0, 0.0, 0.0]], "1": [1.8851660675384019], "2": [1.7571012132013155, 1.884019023778557], "3": [1.7585897173945628, 1.9993637153025405, -3.112094972355441], "4": [1.3205343358746071, 1.864543751202415, -0.022361521143949514], "5": [1.8174251658024467, 1.9577813171789509, -1.8887926841319944], "6": [1.2386215126284374, 2.021897597164294, 3.0223923164613518], "7": [1.8300325396991246, 2.2331342021102114, -0.8306714893602577], "8": [1.322599135352073, 1.9716587322033663, -2.9827375757341064], "9": [1.9369767145399062, 2.2987547032319213, 0.2553103371934257], "10": [1.908160894805797, 1.9866037571311437, 3.0394841115104234], "11": [1.7869047923086254, 2.191412007170027, 0.3582692460250623], "12": [1.818762512078738, 2.09385705732436, -2.5923915883827795], "13": [1.2391983133308604, 2.107698386795441, 0.03305680684467095], "14": [1.2392088063012954, 1.9985905371199362, 3.0077116881589676], "15": [1.9108296443686914, 2.1213210531074966, -0.07768567493976103], "16": [1.321399026971536, 1.791899381296321, 3.036626138410103], "17": [1.3219512130809745, 2.0926256397329506, 1.1154652319414322], "18": [1.8890684713200614, 1.9794706176799493, -1.3282580719025698], "19": [1.3228960188798755, 2.05203227278729, 2.18647025844875], "20": [1.9117970997044926, 2.147326010372728, -0.9500306711997109], "21": [1.3224506841809323, 2.1153753202018892, 3.129265029789823], "22": [1.3228447961273924, 2.1154473575654134, -0.0056281716431464705], "23": [1.8831869405378612, 2.024073713908429, 1.9983330107042807], "24": [1.320394011865824, 1.8793988694068406, -2.2687626762540987], "25": [1.75856522771912, 1.9440367364053015, -0.25542188953724276], "26": [1.1946956690842372, 1.8196373927592342, -3.1022776806769277], "27": [1.8849007538531533, 2.0714349791300033, 1.9356681105664022], "28": [1.321218195536618, 1.9745209877393426, -1.1365005435565476], "29": [1.3209325431975574, 1.9428137108599985, 1.0176037702090925], "30": [1.7577792029880928, 1.858842284938733, 3.0809853588024088], "31": [1.195128007464516, 1.9093319992806306, 3.0422143814946314], "32": [1.3205338514738216, 1.915022721380747, 1.0823919674205558], "33": [1.3210688783566382, 1.909111978134689, -1.036027057992163], "34": [1.3213648787252017, 1.9314463762509568, 3.075383230124325], "35": [1.3210783629262686, 1.9391891559507004, 0.9620721797043408], "36": [1.321051614870443, 1.9239737216306276, -1.130684516448285]}