{"0": [[0.0, 0.0, 0.0]], "1": [1.8581670115769209], "2": [1.729627997213723, 1.4128454566227977], "3": [1.8336654711510527, 2.222688026045627, 0.24508746556977473], "4": [1.3066704665361784, 2.3390450690688587, -2.056821906181113], "5": [1.7824981114072436, 2.155086680605571, 0.35046714780917754], "6": [1.2297210850329179, 1.3857159576899323, -2.614526590891212], "7": [1.8481097322237088, 1.6093545052476699, -1.834040224364345], "8": [1.3077644331513385, 1.9543924874288232, 0.29108448470607823], "9": [1.8662404532491932, 1.1567142064087779, -2.842781250411533], "10": [1.8823700721330932, 2.2921025808663087, -1.462995331071853], "11": [1.7406450057239584, 1.1555508404027928, -2.1960044917457493], "12": [1.836662098992482, 2.156134713839022, -1.6126364620470448], "13": [1.249361715147999, 1.4800136942230366, -1.15930320150082], "14": [1.2279134569636292, 2.3406015813972303, -1.107986310052214], "15": [1.883133407014893, 1.4219886071497159, -2.17000852014148], "16": [1.3028172890030245, 2.0166027094656775, -2.3317429688207634], "17": [1.3046155368132186, 1.3706784932124612, 1.35775243269229], "18": [1.859695993950274, 2.0217192143800427, -1.011251523796922], "19": [1.3072139392221103, 1.9930130604904424, -2.6717876584431957], "20": [1.867250825180864, 2.115170290037228, -1.5555279677395346], "21": [1.3076987713202604, 1.8353367741410473, -2.2832913867224436], "22": [1.3085381545023997, 0.9573909175037973, 0.24286220080809412], "23": [2.1639030807900697, 1.920937071500806, 3.023406243866344], "24": [1.3067891375336718, 2.08268764649255, 2.7349883862551345], "25": [1.966958467891121, 1.730154475158433, 1.2574777779757023], "26": [1.1770817826800912, 2.13516582524195, -1.995408959641656], "27": [2.256815804681086, 1.3270391418103822, -0.42961017231772236], "28": [1.3194416167367793, 1.705492636931466, -0.4098958846696288], "29": [1.3157881267581812, 2.3054932861027675, -1.1076526586278257], "30": [1.6994722967602325, 0.9336443864939111, 1.1187412874314764], "31": [1.1628278982639908, 0.9074380334168471, -1.4734137588844771], "32": [1.412553844565081, 1.8832822586814983, -1.7489955648941842], "33": [1.3042063489161237, 2.6882900414092696, -1.8484945895527318], "34": [1.30213204842571, 2.443856092369173, -1.788323838389722], "35": [1.3064149404611016, 2.582904560303512, -0.256297734822705], "36": [1.3039814755752719, 1.9238552999348109, -2.638530808666287]}