{"0": [[0.0, 0.0, 0.0]], "1": [1.532167699698698], "2": [1.420988546751873, 1.884019030444293], "3": [1.4103045734875852, 1.9993637171045966, -3.112094971855864], "4": [1.1199003437806418, 1.8645437460875403, -0.022361514444499016], "5": [1.4365364179163715, 1.8937574609137422, -1.960303517966088], "6": [1.0209192377460619, 1.9503217460631879, 3.021261198704326], "7": [1.3924351762290406, 2.2354923767584634, -0.7537241316983515], "8": [1.1050798749411737, 1.876426427824977, -3.006291517753305], "9": [1.358422003649823, 2.419678999960239, 0.1935082668553226], "10": [1.3671182026437945, 2.0098622713228673, 3.0690629275457284], "11": [1.2070680759592638, 2.1914120050914803, 0.36784439895304843], "12": [1.3709321828595313, 2.0938570576490383, -2.5828164323906906], "13": [1.016779189401514, 2.1076983915775256, 0.03305679884690103], "14": [1.0167038605218333, 1.9985905328865825, 3.0077116890695783], "15": [1.520710827212064, 2.25669817667026, -0.03774454172857213], "16": [1.113693876251459, 1.949838807277612, 3.0209801268861867], "17": [1.1097304807925208, 2.01714414532142, 1.031456560579316], "18": [1.5041575083747047, 1.93664909205485, -1.2759746322447643], "19": [1.102948929008048, 2.05203226795467, 2.0211847836871044], "20": [1.3410187097874513, 2.1473260028475085, -1.1153161481695044], "21": [1.1061454379962874, 2.1153753082640145, 3.1292650209945454], "22": [1.1033166272652646, 2.1154473635041797, -0.005628168631337265], "23": [1.5463732699448731, 2.0240737139472, 1.9983330168246922], "24": [1.120907534099044, 1.8793988672935968, -2.2687626813542514], "25": [1.4104803188984947, 1.944036729576715, -0.2554218882954811], "26": [0.9436762633445859, 1.8196373896647884, -3.1022776799004923], "27": [1.5340720354663928, 2.071434982791782, 1.93566811174553], "28": [1.1149918161134638, 1.97452098449542, -1.1365005379681965], "29": [1.1170421433410644, 1.9428137116218485, 1.017603773320984], "30": [1.4161222193017093, 1.8588422905207649, 3.0809853665647524], "31": [0.940573069995096, 1.9093320056590193, 3.0422143860935345], "32": [1.1199037860459262, 1.915022729739081, 1.0823919702745068], "33": [1.1160635555379452, 1.9091119670199324, -1.0360270710203245], "34": [1.1139389480577468, 1.9314463805704003, 3.075383230936969], "35": [1.1159954659406102, 1.9391891479463956, 0.9620721715644508], "36": [1.1161874842516375, 1.92397371902076, -1.1306845234883078]}